gene_feat,CNV,CNV_Hard,Expression,CNV_Expression,Expression_CNV,CCNV_Hard_expression,Expression_CNV_Hard,CNV_Full,Expression_Full,CNV_Rnd,CNV_Hard_Rnd,Expression_Rnd
CGP,0.7301769181335506,0.7091041413090893,0.6525151921417817,0.6953899619500069,0.668145809227004,0.6670153867429112,0.6708674976487211,0.5343512625150562,0.54048342432759,0.5883198436762304,0.5212079646406181,0.5705090713370639
CP,0.6945496665342947,0.7137559307201116,0.6530317356127737,0.6821428249879354,0.6863209183420921,0.6627446717616151,0.6549296825905725,0.5416894126770813,0.5288096088799704,0.6020591499413671,0.4960434539424834,0.5989976946250656
GO,0.727071805907678,0.7049501576874121,0.6368115541934188,0.6905345613158304,0.700784852299185,0.674912475137203,0.6782679967136844,0.5759366556417255,0.5823908159955947,0.5909115529261629,0.5477749303905607,0.5927943971026203
BP,0.7124550356141951,0.7035187714227181,0.6383010193204873,0.6917282899050682,0.6860328402723638,0.6651462685121058,0.6426748344137315,0.575201336440305,0.5549285419179374,0.6126026020335184,0.507159394903962,0.5844601354464144
