gene_feat,Cell_Empty
CGP,0.7233706403944749
CP,0.6883290780879783
GO,0.6919363191301516
BP,0.6785091549605019
