,GNN_bp_1,GNN_bp_999,GNN_bp_42,Mean,Stdev,GNN_cgp_1,GNN_cgp_999,GNN_cgp_42,Mean,Stdev,GNN_go_1,GNN_go_999,GNN_go_42,Mean,Stdev,GNN_cp_1,GNN_cp_999,GNN_cp_42,Mean,Stdev
TestAP,0.9513218555625697,0.9430927862243698,0.9479798572414564,0.9474648330094654,0.002926459722333363,0.959104523136912,0.9548549913508084,0.9562515702518656,0.9567370282465286,0.0015315649184270345,0.9514900859355498,0.9511457840481672,0.9568927317655924,0.9531762005831032,0.0022791543355184535,0.9530846824085868,0.9512539069211848,0.9395585824041977,0.9479657239113232,0.005188832044012484
AssayAP,0.7574960038919574,0.7593781675236626,0.7745742764691623,0.7638161492949275,0.006621503235930905,0.7945295712554182,0.7738141564646808,0.7850736586045363,0.7844724621082118,0.007333252361962964,0.7480687753462786,0.7697421360660986,0.7716282645838671,0.7631463919987481,0.009257166497787132,0.7683265501830582,0.7736880176614087,0.751180371718594,0.7643983131876869,0.00831329705624154
GeneAP,0.6596423008455671,0.7042248328721558,0.6716603311637828,0.6785091549605019,0.016310737736600554,0.745836954190397,0.6982455942631898,0.7260293727298377,0.7233706403944749,0.016904674326256242,0.6641211372232269,0.7297570747096402,0.6819307454575877,0.6919363191301516,0.024001069776344548,0.6949980049027011,0.7062039014763146,0.6637853278849192,0.6883290780879783,0.015543323084644008
