gene_feat,Cell_Empty
CGP,0.7844724621082118
CP,0.7643983131876869
GO,0.7631463919987481
BP,0.7638161492949275
