,GNN_bp_1,GNN_bp_999,GNN_bp_42,Mean,Stdev,GNN_cp_1,GNN_cp_999,GNN_cp_42,Mean,Stdev,GNN_go_1,GNN_go_999,GNN_go_42,Mean,Stdev,GNN_cgp_1,GNN_cgp_999,GNN_cgp_42,Mean,Stdev
TestAP,0.9587867072443336,0.9442411575332812,0.9500651682191544,0.9510310109989231,0.005176528436394287,0.9619088209225846,0.947929485307762,0.9514751686651692,0.9537711582985052,0.005138537357811634,0.9573296009904314,0.9527879051558624,0.9521667670917692,0.954094757746021,0.0019930643787390693,0.9544196795980026,0.954359906640313,0.9601420452130958,0.9563072104838038,0.0023484421700731427
AssayAP,0.7914068038148157,0.7588346135272257,0.7727247945061682,0.7743220706160697,0.011557472977714232,0.7681337775218048,0.7736030176791544,0.7922181592505033,0.7779849848171541,0.008927922149422543,0.7932706926122455,0.7914629134573489,0.7977043224942666,0.7941459761879536,0.002270835495468343,0.7730688740798929,0.7964361568175151,0.7995972639674481,0.7897007649549521,0.010246047900611396
GeneAP,0.7311432176576906,0.6568229910287113,0.6687495312392352,0.6855719133085457,0.028223380603766324,0.6765579203519015,0.6958958429500542,0.7236013900754622,0.698685051125806,0.016719850068012757,0.7236839394242193,0.7274270429144262,0.7205055976615785,0.723872193333408,0.0024498143549854415,0.6664988051145307,0.7373319015871982,0.7161981013824588,0.7066762693613958,0.025713137233275882
