gene_feat,Cell_Empty
CGP,0.9567370282465286
CP,0.9479657239113232
GO,0.9531762005831032
BP,0.9474648330094654
