gene_feat,CNV,CNV_Hard,Expression,CNV_Expression,Expression_CNV,CCNV_Hard_expression,Expression_CNV_Hard,CNV_Full,Expression_Full,CNV_Rnd,CNV_Hard_Rnd,Expression_Rnd
CGP,0.5735157117521044,0.5323121824529045,0.5497832450693751,0.6084141918985067,0.5785917216340494,0.5712075110580992,0.5899299632239311,0.5414453185405814,0.5095879505905264,0.5892300719851306,0.5494661843727752,0.5682444149739986
CP,0.5710465956589533,0.5301388384579586,0.5933263691676953,0.598445790480267,0.6197218623006336,0.5942485891491306,0.5746755613106657,0.5798464102273242,0.5751856345768077,0.5754357388658695,0.5236291950105888,0.5819099526123583
GO,0.6234174438224909,0.5377913308019413,0.5677385733074084,0.5955183366749379,0.5969715122315519,0.565030380306093,0.5750984488662962,0.5310800648787769,0.5256347069265311,0.5961356345829434,0.5716009846439993,0.5819757157908064
BP,0.5882749871700073,0.5171788366436562,0.5718163129510608,0.5958463470044765,0.6301111217759477,0.5727534162524761,0.5772336133226549,0.545594362941703,0.4977286012650828,0.6020217753449612,0.5316918978615687,0.5671001636727507
