,times in top 5%,Mean Prob,Original Dependency,Original Dependency Score
ATR,36,0.8356875233628132,9,-1.2757982597121533
BCL2L1,35,0.82614313633669,6,-1.1325755847393535
CLTC,35,0.8283261069229672,9,-1.3137338652564596
PLK4,37,0.9425230128271085,9,-1.3314865673284195
RAD51,37,0.8178160063049814,9,-1.3096843653420966
RRS1,37,0.9168018572502308,8,-1.3522526154222598
SMC2,36,0.8297485267674483,7,-1.330472402089665
TOPBP1,37,0.894536863844674,7,-1.2983579108308156
