,times in top 5%,Mean Prob,Original Dependency,Original Dependency Score
ATR,36,0.854296118158985,9,-1.2820910402537162
BCL2L1,37,0.8882507079087937,6,-1.1002686115802311
CLTC,37,0.9255800231083019,9,-1.285502703790268
PLK4,37,0.8410690876546209,9,-1.3314865673284195
RAD51,37,0.8829347335540495,9,-1.3096843653420966
RRS1,37,0.9410690987432323,8,-1.3522526154222598
SMC2,35,0.8495081179198766,7,-1.3362222220517275
TOPBP1,36,0.8961478212365398,7,-1.3078744274455685
