gene_feat,CNV,CNV_Hard,Expression,CNV_Expression,Expression_CNV,CCNV_Hard_expression,Expression_CNV_Hard,CNV_Full,Expression_Full,CNV_Rnd,CNV_Hard_Rnd,Expression_Rnd
CGP,0.9549288534358548,0.9503087341548464,0.9359527433994148,0.9457153021760326,0.9401293374830626,0.9408431279283188,0.9425084784344712,0.9216182379896096,0.923103399886878,0.9182153792564026,0.8967420097688049,0.920122889960272
CP,0.9464257323400004,0.9501921389814182,0.9321034946485204,0.9400627585291702,0.9412787050688932,0.9444820297339396,0.9406657264384108,0.9165280394083584,0.9043516800900546,0.9235786976264416,0.8821099386463472,0.9212584842333186
GO,0.945761200267916,0.9469441446568552,0.9418612416461392,0.9465994949387144,0.9505363980576756,0.945118391023471,0.9436609348336664,0.9307819268891248,0.9314993457404994,0.9136889175634958,0.90491488801618,0.9259673337189428
BP,0.950550836097518,0.9466815299006708,0.9373050053112224,0.9445754939914623,0.941192268718742,0.946054679940886,0.9420435644864228,0.9232613225481112,0.9250209503261716,0.9287646151945194,0.8883364576070818,0.9259672196394778
